{
  "polynomial_degree": 2,
  "learning_rate": 0.1,
  "iterations": 100,
  "label_mapping": {
    "Gryffindor": 0,
    "Hufflepuff": 1,
    "Ravenclaw": 2,
    "Slytherin": 3
  },
  "inverse_mapping": {
    "0": "Gryffindor",
    "1": "Hufflepuff",
    "2": "Ravenclaw",
    "3": "Slytherin"
  },
  "weights": [
    [
      -0.7215815508480945,
      0.0,
      -0.030483472591784494,
      0.053814685431267356,
      -0.19780488336477808,
      -0.051955058645123155,
      0.06881029842508747,
      -0.03138623312233274,
      0.11902644950244695,
      -0.16792993643766227,
      -0.016762419662057302,
      -0.032449202863540395,
      -0.009952021159933948,
      -0.11436974295856023,
      0.21020640011158062,
      0.0,
      0.0,
      0.0,
      0.0,
      0.0,
      0.0,
      0.0,
      0.0,
      0.0,
      0.0,
      0.0,
      0.0,
      0.0,
      0.0,
      -0.015292414859879946,
      0.046930858294651434,
      -0.16712735855255262,
      -0.04375985650592746,
      0.05515993793316869,
      -0.022619072820726116,
      0.03306910942077884,
      -0.15236033657588582,
      -0.021929687061937837,
      -0.06428199731753956,
      -0.02879713044124958,
      0.02004106692081582,
      0.17142635438243747,
      -0.03315781285129853,
      -0.19936327215770241,
      0.029232359803873495,
      0.03059167862864548,
      0.006919107071558912,
      0.0917700966738892,
      -0.10920970118963728,
      0.03305528727662428,
      0.02722858981192442,
      -0.01124696251793075,
      -0.05733021695784263,
      0.20451855799249757,
      0.08191693980979191,
      0.196722235291209,
      -0.24307531729299572,
      0.16635822228679684,
      -0.21387662174869132,
      0.14210643617190888,
      -0.18923749173330612,
      -0.06977776838920756,
      0.02258068596070088,
      0.20175539266218048,
      -0.3024346716761439,
      -0.034610550077935995,
      -0.031578671408802335,
      -0.012521240122426973,
      -0.09023497821773896,
      0.10829073872236354,
      -0.03212094051464357,
      -0.02607436220916367,
      0.00804430706542119,
      0.05531516907715132,
      -0.2029049924991418,
      0.019533635943812588,
      -0.05771505811146692,
      0.10845945530374111,
      -0.12362267869236089,
      0.050134990383269316,
      0.03742565353210625,
      0.0012316064446546296,
      -0.0745434734742355,
      0.23138834316785198,
      -0.02308659571677202,
      -0.06605236808203836,
      0.1133389152411791,
      -0.02283621477894571,
      0.00924451269207307,
      0.023372772719682147,
      0.03435894420848753,
      -0.16890754091877486,
      0.157928014998893,
      -0.18577640553535832,
      0.09150520914618811,
      -0.009231486620825775,
      -0.012452006122366839,
      -0.14396857634657007,
      0.235905142482134,
      0.21102801664160126,
      -0.1457478825312438,
      -0.040368532945675675,
      0.03368785390522531,
      0.17196455688396922,
      -0.284201810874228,
      -0.08196604102312242,
      -0.016107373329156027,
      -0.01054743061350384,
      -0.007532524051421879,
      0.19011127859196764,
      -0.01355526562464917,
      -0.0005868035004006712,
      0.03095352343598611,
      0.10620059409936063,
      -0.05524365621856913,
      0.010917394643613049,
      -0.02103336976900206,
      0.11725661090416473,
      -0.21285007125724492,
      0.2920490368313681
    ],
    [
      -0.4561022363292763,
      0.0,
      0.016031126454780317,
      0.1785952859011498,
      0.17118507070767347,
      -0.18060914886232637,
      0.05975920036850132,
      -0.1315032462389094,
      -0.1009372978240333,
      0.1047342063362114,
      -0.0012056105967121083,
      -0.06469157819390105,
      0.005910627010718065,
      -0.029295191693415847,
      -0.10564773526338732,
      0.0,
      0.0,
      0.0,
      0.0,
      0.0,
      0.0,
      0.0,
      0.0,
      0.0,
      0.0,
      0.0,
      0.0,
      0.0,
      0.0,
      -0.0032145232125136915,
      0.17603760339893962,
      0.15750150894209503,
      -0.17720473651572058,
      0.06508165854950523,
      -0.12990999917014526,
      -0.04329134967973241,
      0.10532707201839175,
      0.010806537153654781,
      -0.0339151183912571,
      0.0023316211732396014,
      -0.017777017093997077,
      -0.09995573155658138,
      0.014899860215596493,
      0.24279391747964613,
      -0.01740812006545341,
      0.09917687981539197,
      -0.12958580964559518,
      0.12464324756389718,
      0.2584939118395737,
      0.19234877743524625,
      0.15282769014486783,
      0.007501162793650407,
      -0.17567679688023877,
      -0.15289774679035334,
      -0.024195243425089732,
      -0.2413678867576409,
      0.07702904978875216,
      -0.30014665085883097,
      0.11146864295269035,
      0.06115950741379373,
      0.17339420581331402,
      0.0854744917096201,
      0.001116480913246916,
      -0.17850186524891273,
      0.0631210826976764,
      0.014337100213294245,
      -0.1007012772277659,
      0.1317800790460485,
      -0.12651583474049424,
      -0.258078047171718,
      -0.19524822133969405,
      -0.15312611874012325,
      -0.004114699337677139,
      0.17779576885240747,
      0.1518279792157656,
      -0.10177836534547437,
      -0.19697269979900836,
      -0.007618607889002286,
      0.13450147484448907,
      0.07391319372548343,
      0.040238592722669414,
      0.002426718230771555,
      -0.06391839295773746,
      -0.18031053703639519,
      0.05318438707667401,
      -0.10013946760310474,
      -0.1770748863133022,
      -0.1300288349632994,
      -0.0858452154868226,
      -0.0219824108776846,
      0.128104901152768,
      0.07424058740016486,
      -0.16640886211848707,
      0.06972314809916025,
      -0.09252683480561345,
      -0.0790985729555774,
      -0.0237359744351502,
      0.09820082446709368,
      -0.09905863232596476,
      0.012046878225660597,
      0.10049748425219335,
      0.013736924639271801,
      0.013710303550743905,
      -0.10924513562766833,
      0.0812659785627877,
      0.03234033627342971,
      -0.06683252460427302,
      0.015420746709791369,
      -0.006138615293572551,
      -0.09836253067657198,
      -0.07217076783278019,
      0.0049161093458314955,
      0.06157463854624979,
      -0.053624300415513616,
      0.021411538379487977,
      -0.00608466567039725,
      -0.029520400885148696,
      0.025032239882265824,
      0.10526731926246091,
      -0.11951577088198868
    ],
    [
      -0.506309871606203,
      0.0,
      0.05878108278424715,
      -0.1360216761983032,
      0.11023121364997397,
      0.12748029278697592,
      0.09307657361097628,
      0.24840778784037168,
      0.1420860053176803,
      0.02404871627041551,
      -0.002401238557035333,
      0.0328503061389484,
      -0.001971577245911795,
      0.2179343767166651,
      -0.006837592394254795,
      0.0,
      0.0,
      0.0,
      0.0,
      0.0,
      0.0,
      0.0,
      0.0,
      0.0,
      0.0,
      0.0,
      0.0,
      0.0,
      0.0,
      0.07154772342277048,
      -0.14955605540130854,
      0.09140747031002747,
      0.14041547279817354,
      0.07719776818891114,
      0.21793384744312638,
      0.1342337479786723,
      0.035475982105864695,
      0.052696801851519814,
      0.07942386196271871,
      0.01553414606314974,
      -0.03766324008634905,
      0.0013353488472464445,
      0.11287752784854392,
      -0.21366181673332899,
      -0.115535019059392,
      -0.24235322664504708,
      -0.20602438389653263,
      -0.1664044606571264,
      -0.12347893147125613,
      -0.1338447492421449,
      -0.09328842005255024,
      0.013747519923688624,
      0.12765644385850794,
      -0.025273488687256464,
      -0.008076628404851766,
      0.20249373349242542,
      0.08068486945417029,
      0.1606449259032052,
      0.14525488261304179,
      0.05887020501210588,
      0.10726264821168136,
      0.13038085203274918,
      -0.04547540958072523,
      -0.103912058671615,
